{"cameraMode":{"drawMode":0,"name":"Shaded","section":"Shading Mode"},"sceneLighting":true,"audioPlay":false,"sceneViewState":{"m_AlwaysRefresh":false,"showFog":true,"showSkybox":true,"showFlares":true,"showImageEffects":true,"showParticleSystems":true,"showVisualEffectGraphs":true,"m_FxEnabled":true},"in2DMode":false,"pivot":{"x":-3.236114501953125,"y":1.8150625228881837,"z":2.8230772018432619},"rotation":{"x":-0.08726488798856735,"y":0.8594591617584229,"z":-0.15667042136192323,"w":-0.4787159562110901},"size":110.30477905273438,"orthographic":false}